<?xml version="1.0" encoding="UTF-8"?>
<!DOCTYPE suite SYSTEM "https://testng.org/testng-1.0.dtd">
<suite parallel="classes" name="Suite">
  <parameter name="url" value="http://leaftaps.com/opentaps/"></parameter>
  <parameter name="propFile" value="ConfigEnglish"></parameter>
  
  <test thread-count="5" parallel="classes" name="Test" verbose="5">
    <classes>
   		 <class name="testcase.RunnerClass"/>
     	 <class name="testcase.Loginfuntionality"/>
      <class name="testcase.CreateLeadFunctionality"/>
    </classes>
  </test> <!-- Test -->
</suite> <!-- Suite -->
