<?xml version="1.0" encoding="UTF-8"?>
<!DOCTYPE suite SYSTEM "https://testng.org/testng-1.0.dtd">
<suite name="Suite">
<parameter name="url" value="http://leaftaps.com/opentaps/"></parameter>
  <test thread-count="5" name="EnTest">
  <parameter name="propFile" value="ConfigEnglish"></parameter>
    <classes>
      <class name="testcase.CreateLeadFunctionality"/>
    </classes>
  </test> <!-- Test -->
  <test thread-count="5" name="FrTest">
    <parameter name="propFile" value="ConfigFrench"></parameter>
  
    <classes>
      <class name="testcase.CreateLeadFunctionality"/>
    </classes>
  </test> <!-- Test -->
</suite> <!-- Suite -->
