<?xml version="1.0" encoding="UTF-8"?>
<!DOCTYPE suite SYSTEM "https://testng.org/testng-1.0.dtd">
<suite name="Suite">
  <test thread-count="5" name="Test1">
   <parameter name = "username"  value = "DemoSalesManager">   </parameter>
    <parameter name = "password"  value = "crmsfa">   </parameter>
    <parameter name = "url"  value = "http://leaftaps.com/opentaps/">   </parameter>
    <classes>
      <class name="week6.day1.CreateLead"/>
    </classes>
  </test> <!-- Test -->
</suite> <!-- Suite -->
