<?xml version="1.0" encoding="UTF-8"?>
<!DOCTYPE suite SYSTEM "https://testng.org/testng-1.0.dtd">
<suite name="Suite">
  <test thread-count="5" name="Test">
      <parameter name = "username"  value = "admin">   </parameter>
    <parameter name = "password"  value = "shXJjX5N-!5r">   </parameter>
    <parameter name = "url"  value = "https://dev220793.service-now.com/">   </parameter>
    <classes>
      <class name="week6.day2.ServiceNow"/>
      <class name="week6.day2.ServiceNowEdit"/>
      <class name="week6.day2.ServiceNowDelete"/>
    </classes>
  </test> <!-- Test -->
</suite> <!-- Suite -->
