<?xml version="1.0" encoding="UTF-8"?>
<!DOCTYPE suite SYSTEM "https://testng.org/testng-1.0.dtd">
<suite name="LoginSuite">
  <test thread-count="5" name="Test">
    <classes>
      <class name="week5.day1.CreateLead"/>
      <class name="week5.day1.DeleteLead"/>
      <class name="week5.day1.DuplicateLead"/>
      <class name="week5.day1.MergeLead"/>
      <class name="week5.day1.EditLead"/>
    </classes>
  </test> <!-- Test -->
  
   <test thread-count="5" name="Test1">
    <classes>
      <class name="week2.day2.FacebookNewAccount"/>
    </classes>
  </test> <!-- Test -->
  
</suite> <!-- LoginSuite -->
